[{"codigo":"1","municipio":"Areiópolis","uf":"SP"},{"codigo":"2","municipio":"Brasília","uf":"DF"},{"codigo":"3","municipio":"Caçapava","uf":"SP"},{"codigo":"4","municipio":"Campinas","uf":"SP"},{"codigo":"5","municipio":"Florianópolis","uf":"SC"},{"codigo":"6","municipio":"Franca","uf":"SP"},{"codigo":"7","municipio":"Itanhandu","uf":"MG"},{"codigo":"8","municipio":"Jacareí","uf":"SP"},{"codigo":"9","municipio":"Lagoa Santa","uf":"MG"},{"codigo":"10","municipio":"Mauá","uf":"SP"},{"codigo":"11","municipio":"Mogi das Cruzes","uf":"SP"},{"codigo":"12","municipio":"Nova Friburgo","uf":"RJ"},{"codigo":"13","municipio":"Osasco","uf":"SP"},{"codigo":"14","municipio":"Porto Alegre","uf":"RS"},{"codigo":"15","municipio":"Ribeirão Preto","uf":"SP"},{"codigo":"16","municipio":"Rio de Janeiro","uf":"RJ"},{"codigo":"17","municipio":"São Bernado do Campo","uf":"SP"},{"codigo":"18","municipio":"São Carlos","uf":"SP"},{"codigo":"19","municipio":"São José dos Campos","uf":"SP"},{"codigo":"20","municipio":"São Luís","uf":"MA"},{"codigo":"21","municipio":"São Paulo","uf":"SP"},{"codigo":"22","municipio":"Sumaré","uf":"SP"}]