[{"empresa":"1","area":"7"},{"empresa":"2","area":"1"},{"empresa":"2","area":"3"},{"empresa":"2","area":"7"},{"empresa":"3","area":"1"},{"empresa":"3","area":"2"},{"empresa":"3","area":"6"},{"empresa":"4","area":"1"},{"empresa":"4","area":"5"},{"empresa":"4","area":"7"},{"empresa":"5","area":"6"},{"empresa":"5","area":"7"},{"empresa":"5","area":"8"},{"empresa":"6","area":"6"},{"empresa":"6","area":"7"},{"empresa":"7","area":"7"},{"empresa":"8","area":"5"},{"empresa":"8","area":"7"},{"empresa":"9","area":"6"},{"empresa":"9","area":"7"},{"empresa":"10","area":"3"},{"empresa":"10","area":"4"},{"empresa":"10","area":"5"},{"empresa":"10","area":"6"},{"empresa":"10","area":"7"},{"empresa":"11","area":"5"},{"empresa":"11","area":"7"},{"empresa":"12","area":"2"},{"empresa":"12","area":"4"},{"empresa":"12","area":"6"},{"empresa":"12","area":"7"},{"empresa":"13","area":"5"},{"empresa":"14","area":"3"},{"empresa":"14","area":"5"},{"empresa":"14","area":"7"},{"empresa":"15","area":"7"},{"empresa":"16","area":"2"},{"empresa":"16","area":"3"},{"empresa":"16","area":"7"},{"empresa":"17","area":"5"},{"empresa":"17","area":"6"},{"empresa":"17","area":"7"},{"empresa":"18","area":"1"},{"empresa":"18","area":"5"},{"empresa":"19","area":"1"},{"empresa":"19","area":"5"},{"empresa":"19","area":"7"},{"empresa":"20","area":"6"},{"empresa":"21","area":"1"},{"empresa":"21","area":"2"},{"empresa":"21","area":"3"},{"empresa":"22","area":"2"},{"empresa":"22","area":"3"},{"empresa":"22","area":"4"},{"empresa":"22","area":"5"},{"empresa":"23","area":"2"},{"empresa":"23","area":"3"},{"empresa":"23","area":"5"},{"empresa":"23","area":"6"},{"empresa":"23","area":"8"},{"empresa":"24","area":"1"},{"empresa":"24","area":"3"},{"empresa":"24","area":"4"},{"empresa":"24","area":"5"},{"empresa":"24","area":"6"},{"empresa":"24","area":"7"},{"empresa":"25","area":"1"},{"empresa":"25","area":"7"},{"empresa":"26","area":"7"},{"empresa":"27","area":"3"},{"empresa":"27","area":"4"},{"empresa":"27","area":"5"},{"empresa":"27","area":"7"},{"empresa":"28","area":"1"},{"empresa":"28","area":"4"},{"empresa":"29","area":"7"},{"empresa":"29","area":"8"},{"empresa":"30","area":"6"},{"empresa":"30","area":"7"},{"empresa":"31","area":"3"},{"empresa":"31","area":"4"},{"empresa":"31","area":"5"},{"empresa":"31","area":"7"},{"empresa":"32","area":"8"},{"empresa":"33","area":"1"},{"empresa":"33","area":"2"},{"empresa":"34","area":"7"},{"empresa":"35","area":"1"},{"empresa":"35","area":"2"},{"empresa":"35","area":"3"},{"empresa":"35","area":"4"},{"empresa":"35","area":"5"},{"empresa":"35","area":"7"},{"empresa":"36","area":"3"},{"empresa":"36","area":"7"},{"empresa":"37","area":"1"},{"empresa":"37","area":"3"},{"empresa":"37","area":"4"},{"empresa":"37","area":"5"},{"empresa":"37","area":"6"},{"empresa":"37","area":"7"},{"empresa":"38","area":"6"},{"empresa":"38","area":"7"},{"empresa":"39","area":"3"},{"empresa":"39","area":"4"},{"empresa":"39","area":"5"},{"empresa":"39","area":"6"},{"empresa":"39","area":"7"},{"empresa":"40","area":"1"},{"empresa":"40","area":"2"},{"empresa":"40","area":"7"},{"empresa":"40","area":"8"},{"empresa":"41","area":"2"},{"empresa":"41","area":"6"},{"empresa":"41","area":"7"},{"empresa":"41","area":"8"},{"empresa":"42","area":"1"},{"empresa":"42","area":"2"},{"empresa":"42","area":"6"},{"empresa":"42","area":"7"},{"empresa":"43","area":"7"},{"empresa":"44","area":"4"},{"empresa":"44","area":"5"},{"empresa":"44","area":"7"},{"empresa":"45","area":"1"},{"empresa":"45","area":"2"},{"empresa":"45","area":"5"},{"empresa":"45","area":"6"},{"empresa":"46","area":"4"},{"empresa":"46","area":"6"},{"empresa":"46","area":"7"},{"empresa":"47","area":"1"},{"empresa":"47","area":"7"},{"empresa":"48","area":"1"},{"empresa":"48","area":"4"},{"empresa":"48","area":"5"},{"empresa":"48","area":"7"},{"empresa":"49","area":"1"},{"empresa":"49","area":"3"},{"empresa":"49","area":"4"},{"empresa":"49","area":"5"},{"empresa":"50","area":"3"},{"empresa":"50","area":"4"},{"empresa":"51","area":"1"},{"empresa":"51","area":"4"},{"empresa":"52","area":"6"},{"empresa":"52","area":"7"},{"empresa":"53","area":"1"},{"empresa":"53","area":"5"},{"empresa":"54","area":"4"},{"empresa":"54","area":"5"},{"empresa":"54","area":"7"},{"empresa":"54","area":"8"},{"empresa":"55","area":"4"},{"empresa":"55","area":"8"},{"empresa":"56","area":"3"},{"empresa":"56","area":"7"},{"empresa":"57","area":"1"},{"empresa":"57","area":"4"},{"empresa":"57","area":"7"},{"empresa":"58","area":"3"},{"empresa":"58","area":"5"},{"empresa":"58","area":"7"},{"empresa":"59","area":"7"},{"empresa":"60","area":"3"},{"empresa":"60","area":"7"},{"empresa":"61","area":"1"},{"empresa":"61","area":"3"},{"empresa":"61","area":"5"},{"empresa":"61","area":"7"},{"empresa":"62","area":"7"},{"empresa":"63","area":"5"},{"empresa":"63","area":"7"},{"empresa":"63","area":"8"},{"empresa":"64","area":"7"},{"empresa":"64","area":"8"},{"empresa":"65","area":"5"},{"empresa":"65","area":"7"},{"empresa":"65","area":"8"}]