[
  {
    "Tabela": "ci_area",
    "Coluna": "codigo",
    "Tipo": "int4",
    "Descrição": "Código da área de atuação"
  },
  {
    "Tabela": "ci_area",
    "Coluna": "area",
    "Tipo": "varchar",
    "Descrição": "Nome da área de atuação"
  },
  {
    "Tabela": "ci_cidade",
    "Coluna": "codigo",
    "Tipo": "int4",
    "Descrição": "Código da cidade"
  },
  {
    "Tabela": "ci_cidade",
    "Coluna": "municipio",
    "Tipo": "varchar",
    "Descrição": "Nome do municipio"
  },
  {
    "Tabela": "ci_cidade",
    "Coluna": "uf",
    "Tipo": "varchar",
    "Descrição": "UF da cidade"
  },
  {
    "Tabela": "ci_emparea",
    "Coluna": "empresa",
    "Tipo": "int4",
    "Descrição": "Código da empresa"
  },
  {
    "Tabela": "ci_emparea",
    "Coluna": "area",
    "Tipo": "int4",
    "Descrição": "Código da area de atuação"
  },
  {
    "Tabela": "ci_produto",
    "Coluna": "empresa",
    "Tipo": "int4",
    "Descrição": "Código da empresa"
  },
  {
    "Tabela": "ci_produto",
    "Coluna": "produto",
    "Tipo": "varchar",
    "Descrição": "Produtos que a empresa oferece"
  },
  {
    "Tabela": "ci_telefone",
    "Coluna": "empresa",
    "Tipo": "int4",
    "Descrição": "Código da empresa"
  },
  {
    "Tabela": "ci_telefone",
    "Coluna": "telefone",
    "Tipo": "varchar",
    "Descrição": "Telefone da empresa"
  },
  {
    "Tabela": "ci_telefone",
    "Coluna": "ramal",
    "Tipo": "int4",
    "Descrição": "Ramal do telefone"
  },
  {
    "Tabela": "ci_empresa",
    "Coluna": "codigo",
    "Tipo": "int4",
    "Descrição": "Código da empresa"
  },
  {
    "Tabela": "ci_empresa",
    "Coluna": "nome",
    "Tipo": "varchar",
    "Descrição": "Nome da empresa"
  },
  {
    "Tabela": "ci_empresa",
    "Coluna": "cidade",
    "Tipo": "int4",
    "Descrição": "Cidade onde está a sede da empresa"
  },
  {
    "Tabela": "ci_empresa",
    "Coluna": "endereco",
    "Tipo": "varchar",
    "Descrição": "Endereço da sede da empresa"
  },
  {
    "Tabela": "ci_empresa",
    "Coluna": "descricao_portugues",
    "Tipo": "varchar",
    "Descrição": "Descrição em português da empresa"
  },
  {
    "Tabela": "ci_empresa",
    "Coluna": "descricao_ingles",
    "Tipo": "varchar",
    "Descrição": "Descrição em inglês da empresa"
  },
  {
    "Tabela": "ci_empresa",
    "Coluna": "slogan",
    "Tipo": "varchar",
    "Descrição": "Slogan da empresa"
  },
  {
    "Tabela": "ci_empresa",
    "Coluna": "ponto_de_contato",
    "Tipo": "varchar",
    "Descrição": "Colaborador da empresa para entrar em contato"
  },
  {
    "Tabela": "ci_empresa",
    "Coluna": "email",
    "Tipo": "varchar",
    "Descrição": "Email da empresa"
  },
  {
    "Tabela": "ci_empresa",
    "Coluna": "site",
    "Tipo": "varchar",
    "Descrição": "Site da empresa"
  }
]