[
  {
    "empresa": 1,
    "produto": "Consultoria em processos organizacionais"
  },
  {
    "empresa": 1,
    "produto": "Diagnóstico de processos e implementação de Sistemas Integrados de Gestão"
  },
  {
    "empresa": 1,
    "produto": "Implementação de projeto de sistemas Manufacturing Executions System-MÊS"
  },
  {
    "empresa": 1,
    "produto": "Enterprise Resource Planing – ERP/SAP"
  },
  {
    "empresa": 1,
    "produto": "Product Lifecycle Management – PLM"
  },
  {
    "empresa": 1,
    "produto": "Auditoria Interna"
  },
  {
    "empresa": 2,
    "produto": "SARA (Satélites para Áreas Remotas e Agricultura): Constelação de nanosatélites para comunicação IoT na agricultura."
  },
  {
    "empresa": 2,
    "produto": "Inteligência geográfica baseada em imagens de satélites (Sensoriamento remoto / observação da terra), com auxílio de inteligência artificial."
  },
  {
    "empresa": 2,
    "produto": "Conectividade em solo com auxílio de satélite: Coleta, transmissão e análise de dados e comunicação com a internet via enlace satelital."
  },
  {
    "empresa": 3,
    "produto": "FOG30K: Foguete de Sondagem para 30km de apogeu"
  },
  {
    "empresa": 3,
    "produto": "FOG100K: Foguete de Sondagem para 100km de apogeu"
  },
  {
    "empresa": 3,
    "produto": "FOG120K-L: Foguete de Sondagem para 120km de apogeu com Motor-Foguete a Propelente Líquido - MFPL"
  },
  {
    "empresa": 3,
    "produto": "MONTENEGRO: Família de veículos lançadores de Micro e Nano Satélites, em fase de TRL 3."
  },
  {
    "empresa": 3,
    "produto": "MFPS e MPFL: Propulsores de foguete a propelente sólido e líquido customizados e entregues diretamente no centro de lançamento."
  },
  {
    "empresa": 3,
    "produto": "Estruturas leves: Estruturas manufaturadas por processos convencionais, ou aditivos em ligas de titânio e alumínio"
  },
  {
    "empresa": 3,
    "produto": "Delta VI: ARPs em compósito, com 500km de autonomia e MTOW de 45kg"
  },
  {
    "empresa": 4,
    "produto": "Power Condition Unit (PCU), qualificado em voo para os satélites CBERS 1, 2, 3, 4 e 4 A."
  },
  {
    "empresa": 4,
    "produto": "DC/DC Converters, qualificado em voo para os satélites CBERS 1, 2, 3, 4 e 4 A e Amazonia I."
  },
  {
    "empresa": 4,
    "produto": "Battery Charge Control (BCC), qualificado em voo para os satélites CBERS 1, 2, 3, 4 e 4 A. 4."
  },
  {
    "empresa": 4,
    "produto": "On Board Computer (OBC) LEON 3 based, TRL 6. 5."
  },
  {
    "empresa": 4,
    "produto": "Capacidade e Processos produtivos para segmento espacial (High-rel SMT Technology for Space Processes ECSSA-Q-70-38)."
  },
  {
    "empresa": 4,
    "produto": "Capacidade de desenvolvimento de sistemas baseados em ASIC/FPGA seguindo a ECSS-Q-60-02 (ToT da Thales Alenia Space)."
  },
  {
    "empresa": 4,
    "produto": "Equipamentos de Teste em Solo e Simuladores."
  },
  {
    "empresa": 4,
    "produto": "Serviços de Engenharia de Sistemas."
  },
  {
    "empresa": 5,
    "produto": "Soluções para processos, produtos e serviços de alta tecnologia"
  },
  {
    "empresa": 6,
    "produto": "Projeto SAGA - Satélite Atmosférico de Grande Altitude."
  },
  {
    "empresa": 7,
    "produto": "Engenharia"
  },
  {
    "empresa": 7,
    "produto": "Ferramental e automação"
  },
  {
    "empresa": 7,
    "produto": "Interiores e monumentos de aeronaves"
  },
  {
    "empresa": 7,
    "produto": "Manufatura e industrialização"
  },
  {
    "empresa": 7,
    "produto": "Modernização e modificação"
  },
  {
    "empresa": 7,
    "produto": "Projeto: estruturas, mecanismos e sistemas"
  },
  {
    "empresa": 7,
    "produto": "Sistemas embarcados"
  },
  {
    "empresa": 8,
    "produto": "MS3 Marlin, Sailfish e Swordfish (TRL9)"
  },
  {
    "empresa": 8,
    "produto": "STAC for CBERS data on AWS (TRL9)"
  },
  {
    "empresa": 8,
    "produto": "C3I: COMMAND, CONTROL, COMMUNICATION & INTELIGENCE (TRL4)"
  },
  {
    "empresa": 8,
    "produto": "Sistema responsável pelo controle, rastreio, comunicação - Análise de telemetria - Programação de recepção, planejamento de missão e simulação de satélite"
  },
  {
    "empresa": 8,
    "produto": "Sistema SPECSAT (TRL3)"
  },
  {
    "empresa": 9,
    "produto": "A empresa desenvolve soluções de engenharia"
  },
  {
    "empresa": 10,
    "produto": "Arkhe Governance"
  },
  {
    "empresa": 10,
    "produto": "TRL 8 - Arkhe Cyber - Gestão do Espaço Cibernético"
  },
  {
    "empresa": 10,
    "produto": "TRL 8 - Arkhe Data Analysis"
  },
  {
    "empresa": 11,
    "produto": "Metacomp CFD++ - Ferramenta de CFD precisa, veloz e robusta."
  },
  {
    "empresa": 11,
    "produto": "Tecplot 360EX - Visualização de resultados numéricos de forma automatizada."
  },
  {
    "empresa": 11,
    "produto": "iChrome Nexus - Otimizador multidisciplinar e integrador de plataformas."
  },
  {
    "empresa": 11,
    "produto": "Ennova Mesh Generation - Gerador de malha em paralelo e robusto."
  },
  {
    "empresa": 12,
    "produto": "Veículo Suborbital VSB-30: Veículo de dois estágios"
  },
  {
    "empresa": 12,
    "produto": "Foguetes de Treinamento Básico e Intermediário (FTB e FTI): foguetes suborbitais para treinamento de equipes dos centros de lançamento."
  },
  {
    "empresa": 12,
    "produto": "Propulsor S50"
  },
  {
    "empresa": 12,
    "produto": "Propulsores e Veículos para aplicação Espacial"
  },
  {
    "empresa": 13,
    "produto": "Curso de robótica espacial pra jovens"
  },
  {
    "empresa": 14,
    "produto": "Projeta e produz antenas para testes de EMC"
  },
  {
    "empresa": 14,
    "produto": "Ministra cursos de RF e antenas e EMC."
  },
  {
    "empresa": 15,
    "produto": "Prestação de serviços jurídicos em direito brasileiro."
  },
  {
    "empresa": 16,
    "produto": "PINA-F Plataforma de Navegação Inercial Auxiliada: Sistema de navegação autônoma e auxiliada por GPS de classe tática."
  },
  {
    "empresa": 16,
    "produto": "Tecnologia de Girômetros a Fibra Ótica (TRL 8)"
  },
  {
    "empresa": 16,
    "produto": "Projeto de Sistemas de Controle de Atitude e Guiamento: Definição de requisitos e engenharia de sistemas para concepção e projeto de veículos aeroespaciais controlados."
  },
  {
    "empresa": 16,
    "produto": "Simulação do processo dinâmico controlado"
  },
  {
    "empresa": 17,
    "produto": "DPS para fontes de alimentação em corrente alternada e corrente contínua"
  },
  {
    "empresa": 18,
    "produto": "Fabricação de Space Wheels para Órbita Terrestre Baixa (LEO), Órbita Terrestre Média (MEO), Órbita Geoestacionária (GEO), e aplicações Deep Space"
  },
  {
    "empresa": 19,
    "produto": "Projeto e definição de sistemas de controle de atitude de satélites com seleção de equipamentos e fornecedores (TRL9)"
  },
  {
    "empresa": 19,
    "produto": "Simulação de sistemas de controle de atitude com alta fidelidade e precisão para validar leis de controle e estratégias de atuação (TRL9)"
  },
  {
    "empresa": 19,
    "produto": "Elaboração de especificações, busca de fornecedores, serviços de compra, acompanhamento do fornecimento (TRL9)"
  },
  {
    "empresa": 19,
    "produto": "Planejamento de testes para validar sistemas de controle, implantação e realização dos testes, e elaboração de relatórios de ensaios para validar sistemas de controle (TRL8)"
  },
  {
    "empresa": 19,
    "produto": "Software de bordo para controle de atitude em três eixos, de alta precisão de apontamento e de estabilidade, compatíveis com imageadores ópticos para sensoreamento remoto (TRL7. Deverá atingir TRL9 em 2021)"
  },
  {
    "empresa": 19,
    "produto": "Software de simulação de controle de atitude customizado para atendimento de aspectos particulares da missão (TRL7)"
  },
  {
    "empresa": 19,
    "produto": "Software para acompanhamento e previsão de passagens de satélites, com informações para rastreio e apontamento de antenas parabólicas (TRL9)"
  },
  {
    "empresa": 19,
    "produto": "Software para auxílio a manobras orbitais, com simulação de manobras e otimização de tempo para atingir a órbita final ou gasto de combustível (TRL7)"
  },
  {
    "empresa": 20,
    "produto": "Antena Direcional Automática (ADA) e periféricos"
  },
  {
    "empresa": 20,
    "produto": "Rede de Estações Terresteres ADA (DATASAT)"
  },
  {
    "empresa": 21,
    "produto": "Cubesats: Nanosatélites no padrão cubesat (TRL 8)"
  },
  {
    "empresa": 39,
    "produto": "Radio Integrador"
  },
  {
    "empresa": 39,
    "produto": "BEST - CAIXA PARA TESTE DE PROTEÇÃO ELETROMAGNÉTICA"
  },
  {
    "empresa": 21,
    "produto": "Subsistemas para cubesats: Computador de bordo, subsistema de potência, subsistema de controle, transceptor e estrutura para cubesats (TRL 8)"
  },
  {
    "empresa": 21,
    "produto": "Integração de sistemas de solo para uso com IoT com satélites."
  },
  {
    "empresa": 21,
    "produto": "Gerenciamento e interface para lançamento de cubesats"
  },
  {
    "empresa": 22,
    "produto": "Projeto de sistemas propulsivos"
  },
  {
    "empresa": 22,
    "produto": "Ferramentas computacionais para otimização dos subsistemas do propulsor"
  },
  {
    "empresa": 23,
    "produto": "Foguete de Sondagem Reutilizável"
  },
  {
    "empresa": 23,
    "produto": "Usinagem de precisão"
  },
  {
    "empresa": 23,
    "produto": "Lançador de Nano Satélites"
  },
  {
    "empresa": 23,
    "produto": "Foguete Anti Granizo"
  },
  {
    "empresa": 23,
    "produto": "Foguete de Sondagem Híbrido 100 Km"
  },
  {
    "empresa": 24,
    "produto": "Simulador de Experimentos Espaciais"
  },
  {
    "empresa": 24,
    "produto": "Interface eletrônica de controle e comunicação de dados"
  },
  {
    "empresa": 24,
    "produto": "Plataforma de Coleta de Dados Ambientais"
  },
  {
    "empresa": 24,
    "produto": "Estação Solo para Rastreio, Telecomando e Telemetria"
  },
  {
    "empresa": 24,
    "produto": "Nanosatellite Control System (NanosatCS)"
  },
  {
    "empresa": 24,
    "produto": "Plataforma Web para Centro de Dados e de Missões Aeroespaciais"
  },
  {
    "empresa": 24,
    "produto": "Software embarcado de Gestão de Bordo para Nanossatélites"
  },
  {
    "empresa": 24,
    "produto": "Kit Educacional Aeroespacial"
  },
  {
    "empresa": 25,
    "produto": "Sistemas e Confiabilidade"
  },
  {
    "empresa": 25,
    "produto": "Mecânica e Térmica"
  },
  {
    "empresa": 25,
    "produto": "Eletrônica e Manufatura"
  },
  {
    "empresa": 25,
    "produto": "Óptica e Radiação"
  },
  {
    "empresa": 25,
    "produto": "Software e Simulação"
  },
  {
    "empresa": 25,
    "produto": "Estudos de Missão e Consultoria"
  },
  {
    "empresa": 25,
    "produto": "Equipamentos de Suporte"
  },
  {
    "empresa": 25,
    "produto": "Testes Funcionais e Ambientais"
  },
  {
    "empresa": 25,
    "produto": "Qualificação de Processos"
  },
  {
    "empresa": 26,
    "produto": "Projeto e desenvolvimento de chicotes elétricos, dispositivos elétricos, ferramental hidráulico e pneumático"
  },
  {
    "empresa": 26,
    "produto": "Projeto de formboard 2D, diagramas elétricos e roteamento 3D, Especificação e definição de componentes e lista de peças, Pesquisa e importação de material com foco nas necessidades do cliente, Prototipagem 3D Virtual"
  },
  {
    "empresa": 26,
    "produto": "Fabricação de Cablagens e Chicotes Elétricos de alta tecnologia"
  },
  {
    "empresa": 26,
    "produto": "Montagem e integração eletromecânica - caixas elétricas, painéis de controle e gabinetes - integrando componentes ativos, passivos e mecânicos"
  },
  {
    "empresa": 26,
    "produto": "Serviços de Industrialização, Instalação, Manutenção de Cablagens, Chicotes, Mangueiras e Dispositivos Eletromecânicos, Hidráulico e Pneumático"
  },
  {
    "empresa": 26,
    "produto": "Projeto e fabricação de ferramentas hidráulicas e pneumáticas para testes de mangueiras, braçadeiras de tubos, bancadas pneumáticas, testes de vedação / combustível / hidráulico"
  },
  {
    "empresa": 26,
    "produto": "Alocação de mão de obra especializada no cliente"
  },
  {
    "empresa": 26,
    "produto": "Soluções TurnKey"
  },
  {
    "empresa": 27,
    "produto": "Receptor GPS de Alta Dinâmica (TRL-6)"
  },
  {
    "empresa": 27,
    "produto": "Serviço de rastreamento de veículos que alcancem velocidades acima de 10.000 km/h e acelerações maiores que 20g"
  },
  {
    "empresa": 27,
    "produto": "Desenvolvimento de soluções customizadas de componentes de micro-ondas e antenas planares ou conformáveis com a técnica microlinha ou stripline"
  },
  {
    "empresa": 27,
    "produto": "Desenvolvimento de hardware de alta complexidade"
  },
  {
    "empresa": 28,
    "produto": "Parte Mecânica do Gerador Solar da PMM"
  },
  {
    "empresa": 28,
    "produto": "Estrutura do CBERS 3&4"
  },
  {
    "empresa": 28,
    "produto": "Estrutura do payload do CBERS 4A"
  },
  {
    "empresa": 28,
    "produto": "Subsistema Propulsão da PMM"
  },
  {
    "empresa": 28,
    "produto": "Válvulas de Enchimento e Dreno (FDVs)"
  },
  {
    "empresa": 28,
    "produto": "Subsistema Propulsão para micro ou mini satélites – MPS Unit"
  },
  {
    "empresa": 28,
    "produto": "Propulsores Monopropelente de 1N e de 5N"
  },
  {
    "empresa": 28,
    "produto": "Tanques de Propelente 40L (fixação equatorial ou por pedestal)"
  },
  {
    "empresa": 28,
    "produto": "Containers para o CBERS 3&4"
  },
  {
    "empresa": 28,
    "produto": "Deployment Rig para o Gerador Solar da PMM"
  },
  {
    "empresa": 28,
    "produto": "Sistema de teste elétrico (EGSE) do Sistema de Propulsão"
  },
  {
    "empresa": 28,
    "produto": "Sistemas de Pressurização e de Enchimento"
  },
  {
    "empresa": 29,
    "produto": "Transporte de carga aérea"
  },
  {
    "empresa": 29,
    "produto": "Transporte de carga marítima"
  },
  {
    "empresa": 29,
    "produto": "Heavy Lift"
  },
  {
    "empresa": 29,
    "produto": "Transporte de carga multimodal"
  },
  {
    "empresa": 29,
    "produto": "Desenvolvimento de projetos especiais com suporte operacional e logístico"
  },
  {
    "empresa": 30,
    "produto": "Solução Turn Key para Salas de Comando e Controle Técnico e Posições Operacionaisde Centros de Lançamento de Veículos Espaciais"
  },
  {
    "empresa": 31,
    "produto": "Simulações de sistemas de controle de temperatura ativos e passivos (TRL-8)"
  },
  {
    "empresa": 31,
    "produto": "Heat Pipes (HPs) (TERL-8)"
  },
  {
    "empresa": 31,
    "produto": "Loop Heat Pipes (LHPs) (TRL-8)"
  },
  {
    "empresa": 31,
    "produto": "Pulsating Heat Pipes (PHPs) (TRL-7)"
  },
  {
    "empresa": 32,
    "produto": "Prestação de Serviços em Usinagem de Precisão, Estamparia e Caldeiraria (leve) de ligas metálicas e não metálicas"
  },
  {
    "empresa": 33,
    "produto": "Usinagem: Expertise na fabricação de peças usinadas e subconjuntos estruturais montados pelo processo de rebitagem."
  },
  {
    "empresa": 34,
    "produto": "Renderizações 3D de foguetes e satélites"
  },
  {
    "empresa": 34,
    "produto": "Edição de livros relacionados ao setor espacial"
  },
  {
    "empresa": 34,
    "produto": "Construção de modelos em escala de foguetes, naves, satélites e toda a gama de modelos voltados para a exploração espacial"
  },
  {
    "empresa": 35,
    "produto": "Sistemas de navegação inercial - GNSS (TRL-4)"
  },
  {
    "empresa": 35,
    "produto": "Módulos de gerenciamento e geração de energia e de determinação e controle de atitude para cubesat (TRL-7)"
  },
  {
    "empresa": 36,
    "produto": "Fabricação de compósitos avançados em fibra de vidro, fibra de carbono, kevlar para peças aeronáuticas e blindagens especiais atendendo as aeronaves comerciais, executivas e militares."
  },
  {
    "empresa": 36,
    "produto": "Fabricação de peças monolíticas e painel sanduíche com honeycomb com níveis de criticidade 2 e 3 para aeronaves Embraer e nível 1 para aeronaves Airbus Helicopters."
  },
  {
    "empresa": 36,
    "produto": "Fabricação soluções em Blindagem como a porta reforçada instalada nos aviões comerciais da Embraer e anteparos balísticos nível 3 especial para helicópteros da Helibras"
  },
  {
    "empresa": 37,
    "produto": "INL100 - Computador de bordo para micro e nanossatélites"
  },
  {
    "empresa": 37,
    "produto": "NL200 - Módulo de rádio para micro e nanossatélites"
  },
  {
    "empresa": 37,
    "produto": "INL300 - Módulo de gerenciamento de energia para nanossatélites"
  },
  {
    "empresa": 37,
    "produto": "Unidade de medida inercial (IMU) para veículos lançadores"
  },
  {
    "empresa": 37,
    "produto": "Desenvolvimento de dispositivos"
  },
  {
    "empresa": 37,
    "produto": "Soluções embarcadas"
  },
  {
    "empresa": 37,
    "produto": "Teste e integração"
  },
  {
    "empresa": 37,
    "produto": "Customização de projetos"
  },
  {
    "empresa": 37,
    "produto": "Engenharia de Sistemas"
  },
  {
    "empresa": 38,
    "produto": "projeto, medição e montagem tridimensional"
  },
  {
    "empresa": 39,
    "produto": "Expertise em EMI-EM"
  },
  {
    "empresa": 39,
    "produto": "MRO de produtos eletrônicos complexos"
  },
  {
    "empresa": 39,
    "produto": "Testes"
  },
  {
    "empresa": 39,
    "produto": "Desenvolvimento de produtos"
  },
  {
    "empresa": 39,
    "produto": "Radio Integrator"
  },
  {
    "empresa": 39,
    "produto": "TRC-1222 HH"
  },
  {
    "empresa": 39,
    "produto": "LTD - Soluções de Supressores de Surto para Aeronaves LACE"
  },
  {
    "empresa": 39,
    "produto": "Conversor DC/DC, modelo CDC-1K"
  },
  {
    "empresa": 40,
    "produto": "Portas aeronáuticas"
  },
  {
    "empresa": 40,
    "produto": "engenharia de desenvolvimento de itens aeronáuticos e espaciais (estruturas e cablagens)"
  },
  {
    "empresa": 41,
    "produto": "Envelope motor do Foguete VSB-30"
  },
  {
    "empresa": 41,
    "produto": "Empena trapezoidal (Rebitada)"
  },
  {
    "empresa": 41,
    "produto": "Módulo de experimento (payload)"
  },
  {
    "empresa": 41,
    "produto": "Peças para foguete"
  },
  {
    "empresa": 41,
    "produto": "Ferramentais de apoio ao lançamento de foguetes, estruturas metálicas e peças usinadas para ensaios"
  },
  {
    "empresa": 41,
    "produto": "Serviços de Usinagem"
  },
  {
    "empresa": 41,
    "produto": "Serviços de Solda"
  },
  {
    "empresa": 42,
    "produto": "Estações de rastreio"
  },
  {
    "empresa": 42,
    "produto": "Manutenção preventiva e corretiva"
  },
  {
    "empresa": 42,
    "produto": "Manutenção de sistemas e facilidades de solo para lançamentos de foguetes."
  },
  {
    "empresa": 43,
    "produto": "Centros de usinagem de 3, 4, 5 eixos, tornos CNC e centros de torneamento"
  },
  {
    "empresa": 44,
    "produto": "P&D GNC: Pesquisa e Desenvolvimento de Sistemas de Guiagem, Navegação e Controle"
  },
  {
    "empresa": 45,
    "produto": "Aviônica Espacial: e sistemas de controle para satélites e veículos lançadores"
  },
  {
    "empresa": 45,
    "produto": "Atuação e mecanismos: controle de voo de espaçonaves."
  },
  {
    "empresa": 45,
    "produto": "Propulsão: componentes e soluções completas para sistemas de propulsão (tanques de propelentes, válvulas, propulsores e controle de empuxo vetorial)."
  },
  {
    "empresa": 45,
    "produto": "Energia: sistemas modulares de energia elétrica, hidráulica e pneumática, de uso espacial."
  },
  {
    "empresa": 45,
    "produto": "Controle de choque e vibração: sistemas de isolamento de vibração e choque, incluindo SoftRide, ShockWave, adaptadores e suportes de carga útil."
  },
  {
    "empresa": 45,
    "produto": "Serviços de engenharia."
  },
  {
    "empresa": 46,
    "produto": "Acelerômetros"
  },
  {
    "empresa": 46,
    "produto": "Sensores de pressão"
  },
  {
    "empresa": 46,
    "produto": "Microfones"
  },
  {
    "empresa": 46,
    "produto": "Sensores de torque e força"
  },
  {
    "empresa": 46,
    "produto": "Células de carga"
  },
  {
    "empresa": 47,
    "produto": "Serviços de Engenharia (consultoria, engenharia de sistemas, gerenciamento de projetos, projeto, prototipagem e qualificação de sistemas e equipamentos eletrônicos) nas áreas de RF & micro-ondas, telecomunicações, antenas, equipamentos eletrônicos analógicos e micro controlados"
  },
  {
    "empresa": 47,
    "produto": "Serviços de Montagem e Testes (sistemas e equipamentos eletrônicos para aplicação espacial, críticas e especiais)"
  },
  {
    "empresa": 47,
    "produto": "Antena TT&C Banda S (quadrifilar, polarizações RHCP e LHCP, diagrama cardioide)"
  },
  {
    "empresa": 47,
    "produto": "Antena Carga Útil Banda S (quadrifilar, polarizações RHCP e LHCP, diagrama formatado)"
  },
  {
    "empresa": 47,
    "produto": "Antena Carga Útil UHF (quadrifilar, polarizações RHCP e LHCP, diagrama formatado)"
  },
  {
    "empresa": 48,
    "produto": "Subsistema de Transmissão de Imagens - MWT - TRL9 - Prog. CBERS"
  },
  {
    "empresa": 48,
    "produto": "Subsistema de Transmissão de Imagens - AWDT - TRL 8 - Prog. PMM."
  },
  {
    "empresa": 48,
    "produto": "Subsistema OBDH - CBERS - TRL9. Prog. CBERS"
  },
  {
    "empresa": 48,
    "produto": "Computador de Controle de Atitude e Orbita - AOCS (HW) – Progr. CBERS - TRL6."
  },
  {
    "empresa": 48,
    "produto": "Subsistema de Coleta de Dados - DCS - TRL9. Progr. CBERS"
  },
  {
    "empresa": 48,
    "produto": "TT&C Banda S - SDR - TRL4."
  },
  {
    "empresa": 48,
    "produto": "Bancos de Testes EGSE MWT, OBDH, AOCS e DCS (CBERS) e EGSE AWDT (PMM). Qualificado em voo Segmento Espacial Solo"
  },
  {
    "empresa": 48,
    "produto": "Estação de Telemedidas Banda S (TRL9)"
  },
  {
    "empresa": 48,
    "produto": "Sistema de Rastreio Ótico - SISROT (TRL9 )"
  },
  {
    "empresa": 48,
    "produto": "Sistema de Monitoramento do Espectro Eletromagnético - SIMO (TRL9)"
  },
  {
    "empresa": 48,
    "produto": "Radar de Trajetografia em Banda C (TRL9)"
  },
  {
    "empresa": 48,
    "produto": "Serviços de desenvolvimento, fabricação, testes, treinamento, suporte logístico e manutenção"
  },
  {
    "empresa": 49,
    "produto": "Câmeras de alta resolução para satélites, sistemas de imageamento multiespectral"
  },
  {
    "empresa": 49,
    "produto": "Sistemas de orientação e detecção laser, Laser Range Finders, Espoletas de proximidade laser e RF, sistemas de visão térmica, sistemas de imagem de infravermelho, câmeras multiespectrais aéreas."
  },
  {
    "empresa": 49,
    "produto": "Lentes esféricas e anesféricas, prismas, planos de referência, ópticas de IR, filtros dicroicos, revestimentos antirreflexos especializados para o aeroespaço, revestimentos resistentes a radiação."
  },
  {
    "empresa": 49,
    "produto": "Soluções especializadas usando sistemas de visão térmica e câmeras multiespectrais."
  },
  {
    "empresa": 50,
    "produto": "Soluções de teste e medição"
  },
  {
    "empresa": 51,
    "produto": "Tecnologia de alta frequência"
  },
  {
    "empresa": 51,
    "produto": "Produção - fabricação de conectores"
  },
  {
    "empresa": 51,
    "produto": "Montagem de conector"
  },
  {
    "empresa": 51,
    "produto": "Galvanoplastia - revestimento de superfície"
  },
  {
    "empresa": 51,
    "produto": "Usinagem personalizada - tecnologia de transmissão e chassis."
  },
  {
    "empresa": 51,
    "produto": "Cablagem"
  },
  {
    "empresa": 52,
    "produto": "Sistemas ATS (Air Traffic Service)"
  },
  {
    "empresa": 52,
    "produto": "Tecnologia da Informação"
  },
  {
    "empresa": 52,
    "produto": "Desenvolvimento de Dispositivos e Sistemas"
  },
  {
    "empresa": 52,
    "produto": "Desenvolvimento de hardware, firmware e software."
  },
  {
    "empresa": 52,
    "produto": "Redes Digitais, Enlaces Rádio Terrestre, Sistemas de Comunicações Óticas"
  },
  {
    "empresa": 52,
    "produto": "Sistemas de Comunicações por Satélite"
  },
  {
    "empresa": 52,
    "produto": "Sistemas embarcados"
  },
  {
    "empresa": 53,
    "produto": "MANSUP – Míssil Antinavio Nacional"
  },
  {
    "empresa": 53,
    "produto": "MSS 1.2 AC – Míssil Superfície-Superfície Antitanque"
  },
  {
    "empresa": 54,
    "produto": "Sistemas Embarcados de Controle Eletrônico Multiplexados"
  },
  {
    "empresa": 54,
    "produto": "Sistemas de Controle e Aquisição de Dados"
  },
  {
    "empresa": 54,
    "produto": "Sistemas de Controle De Ensaios de Durabilidade (Software e Hardware)."
  },
  {
    "empresa": 54,
    "produto": "Prestação de Serviços de Ensaios de durabilidade e vibração."
  },
  {
    "empresa": 54,
    "produto": "Simuladores de voo Full Flight com plataforma de Movimento"
  },
  {
    "empresa": 54,
    "produto": "Dispositivos de treinamento de voo tipo FTD"
  },
  {
    "empresa": 54,
    "produto": "Simuladores para treinamento de Tiro de Armas Leves"
  },
  {
    "empresa": 54,
    "produto": "Sistema de ensaios de vibração da divisão aeroespacial (Univ. de La Plata – Argentina)."
  },
  {
    "empresa": 54,
    "produto": "Sistema de ensaios de vibração do foguete lançador de satélites (Argentina)"
  },
  {
    "empresa": 54,
    "produto": "Laboratório de ensaios de materiais compostos do ITA."
  },
  {
    "empresa": 55,
    "produto": "Fabrica semicondutores"
  },
  {
    "empresa": 55,
    "produto": "Componentes eletrônicos para altos níveis de radiação"
  },
  {
    "empresa": 56,
    "produto": "Proteção balística de UHMWPE para Nível III+"
  },
  {
    "empresa": 56,
    "produto": "Tecido Multicamadas"
  },
  {
    "empresa": 56,
    "produto": "Gerador Eólico 3MW"
  },
  {
    "empresa": 56,
    "produto": "Oil & Gas -Sistema de Proteção para Teste Hidráulico"
  },
  {
    "empresa": 56,
    "produto": "Compósito de Matriz Metálica"
  },
  {
    "empresa": 57,
    "produto": "Telecomunicações via satélite"
  },
  {
    "empresa": 57,
    "produto": "Design e desenvolvimento de sistemas espaciais"
  },
  {
    "empresa": 57,
    "produto": "Gerenciamento de lançamentos e serviços de controle em órbita para satélites."
  },
  {
    "empresa": 57,
    "produto": "Observação da Terra"
  },
  {
    "empresa": 57,
    "produto": "Comunicações integradas"
  },
  {
    "empresa": 57,
    "produto": "Posicionamento de satélites."
  },
  {
    "empresa": 58,
    "produto": "BI/Data Science, CIO as a Service, Cloud, Cybersecurity"
  },
  {
    "empresa": 58,
    "produto": "Desenvolvimento de software"
  },
  {
    "empresa": 59,
    "produto": "Desenvolvimento e produção de ferramental"
  },
  {
    "empresa": 59,
    "produto": "Pesquisa e Desenvolvimento(P&D) processos industriais"
  },
  {
    "empresa": 59,
    "produto": "Projetos e engenharia de ferramental industrial"
  },
  {
    "empresa": 59,
    "produto": "Suporte técnico em ferramentas industriais"
  },
  {
    "empresa": 60,
    "produto": "Aços carbono, aços de baixa liga e aços de construção mecânica"
  },
  {
    "empresa": 60,
    "produto": "Aços de baixa liga de ultra alta resistência"
  },
  {
    "empresa": 60,
    "produto": "Aços inoxidáveis austeníticos, martensíticos, ferríticos, duplex, e martensíticos endurecidos por precipitação"
  },
  {
    "empresa": 60,
    "produto": "Aços Ferramenta para trabalho à quente, trabalho à frio, para moldes e matrizes, aços rápidos, para ferramentas de corte, e outros"
  },
  {
    "empresa": 60,
    "produto": "Aços Maraging com resistência superior aos aços de Ultra Alta Resistência para aplicações em mísseis, foguetes, enriquecimento de urânio, proteção balística"
  },
  {
    "empresa": 60,
    "produto": "Ligas e Superligas à base de níquel"
  },
  {
    "empresa": 61,
    "produto": "Subsistema de Controle de Órbita e Atitude de satélites (AOCS)"
  },
  {
    "empresa": 61,
    "produto": "Subsistema de Gestão de Dados de Bordo (OBDH)"
  },
  {
    "empresa": 61,
    "produto": "Rádio Definido por Software (SDR)"
  },
  {
    "empresa": 61,
    "produto": "VCUB"
  },
  {
    "empresa": 61,
    "produto": "Serviços de Radar Interferométrico e Polarimétrico operando nas bandas X e P"
  },
  {
    "empresa": 61,
    "produto": "Plataforma Visiona de Imagens e Algoritmos como Serviço (Plataforma WebVis)"
  },
  {
    "empresa": 61,
    "produto": "Fornecimento de Imagens de Satélite"
  },
  {
    "empresa": 61,
    "produto": "Serviços de Geotecnologia para detecção de Mudanças"
  },
  {
    "empresa": 61,
    "produto": "Serviços de Geotecnologia para Gestão de Mudanças utilizando imagens de alta resolução"
  },
  {
    "empresa": 61,
    "produto": "Serviços de Inteligência Geográfica"
  },
  {
    "empresa": 61,
    "produto": "Serviços de Geotecnologia DInSAR"
  },
  {
    "empresa": 61,
    "produto": "Serviços de Treinamento em SAR"
  },
  {
    "empresa": 61,
    "produto": "Serviços de Telecomunicações 1"
  },
  {
    "empresa": 61,
    "produto": "Serviços de Telecomunicações 2"
  },
  {
    "empresa": 61,
    "produto": "Serviços de Desenvolvimento e Integração de Sistemas Espaciais"
  },
  {
    "empresa": 62,
    "produto": "Desenvolvimento de soluções"
  },
  {
    "empresa": 62,
    "produto": "Gestão de projetos Turn Key"
  },
  {
    "empresa": 62,
    "produto": "Usinagem de precisão CNC"
  },
  {
    "empresa": 62,
    "produto": "Ferramentaria"
  },
  {
    "empresa": 62,
    "produto": "Caldeiraria"
  },
  {
    "empresa": 62,
    "produto": "Jato de granalha"
  },
  {
    "empresa": 62,
    "produto": "Pintura Industrial"
  },
  {
    "empresa": 63,
    "produto": "Consultoria em projeto de engenharia aeroespacial"
  },
  {
    "empresa": 63,
    "produto": "Desenvolvimento de software customizado para a engenharia aeroespacial"
  },
  {
    "empresa": 64,
    "produto": "Partes e peças de aeronaves e veículos militares (TRL 9)"
  },
  {
    "empresa": 64,
    "produto": "Serviço de pintura de peças"
  },
  {
    "empresa": 64,
    "produto": "Serviços de torno"
  },
  {
    "empresa": 65,
    "produto": "Curso de Pilotagem de Drones"
  },
  {
    "empresa": 65,
    "produto": "Escola Espacial Zenit Aerospace"
  },
  {
    "empresa": 65,
    "produto": "Serviço de Desenvolvimento de Produtos"
  },
  {
    "empresa": 65,
    "produto": "Consultoria na área de engenharia aeroespacial"
  },
  {
    "empresa": 65,
    "produto": "Curso de CATIA V5"
  }
]