[{"empresa":"1","telefone":"+55 12 98116-7809","ramal":null},{"empresa":"2","telefone":"+55 12 3942-6328","ramal":null},{"empresa":"3","telefone":"+55 11 3599-3335","ramal":null},{"empresa":"3","telefone":"+55 45 99849-1000","ramal":null},{"empresa":"4","telefone":"+55 51 2101-1200","ramal":null},{"empresa":"5","telefone":"+55 14 98104-0932","ramal":null},{"empresa":"6","telefone":"+55 16 3509-3500","ramal":null},{"empresa":"7","telefone":"+55 12 2139-1100","ramal":null},{"empresa":"8","telefone":"+55 21 3500-6636","ramal":null},{"empresa":"8","telefone":"+55 12 3600-8088","ramal":null},{"empresa":"9","telefone":"+55 61 3213-5001","ramal":null},{"empresa":"9","telefone":"+55 11 5502-2309","ramal":null},{"empresa":"10","telefone":"+55 11 3103-4600","ramal":null},{"empresa":"10","telefone":"+55 11 99320-4950","ramal":null},{"empresa":"11","telefone":"+55 11 3854-4221","ramal":null},{"empresa":"12","telefone":"+55 12 3955-5300","ramal":null},{"empresa":"13","telefone":"+55 61 99911-2539","ramal":null},{"empresa":"14","telefone":"+55 12 3941-5054","ramal":null},{"empresa":"15","telefone":"+55 11 98105-9285","ramal":null},{"empresa":"16","telefone":"+55 12 991-3530","ramal":null},{"empresa":"17","telefone":"+55 31 3689-9500","ramal":null},{"empresa":"18","telefone":"+55 21 99574-5099","ramal":null},{"empresa":"19","telefone":"+55 12 3923-2858","ramal":null},{"empresa":"20","telefone":"+55 16 99165-6060","ramal":null},{"empresa":"22","telefone":"+55 21 98743-3629","ramal":null},{"empresa":"23","telefone":"+55 12 98825-81659","ramal":null},{"empresa":"24","telefone":"+55 16 3722-2002","ramal":null},{"empresa":"25","telefone":"+55 12 2139-1100","ramal":null},{"empresa":"26","telefone":"+55 12 3939-1305","ramal":null},{"empresa":"26","telefone":"+55 12 98892-0615","ramal":null},{"empresa":"27","telefone":"+55 19 3201-0794","ramal":null},{"empresa":"28","telefone":"+55 12 3938-1416","ramal":null},{"empresa":"29","telefone":"+55 12 9680-1500","ramal":null},{"empresa":"30","telefone":"+55 98 3255-0700","ramal":null},{"empresa":"30","telefone":"+55 98 98413-8135","ramal":null},{"empresa":"31","telefone":"+55 12 3206-4305","ramal":null},{"empresa":"32","telefone":"+55 12 98144-2070","ramal":null},{"empresa":"33","telefone":"+55 12 3221-3500","ramal":null},{"empresa":"34","telefone":"+55 22 99926-57690","ramal":null},{"empresa":"35","telefone":"+55 12 98268-1871","ramal":null},{"empresa":"36","telefone":"+55 11 2148-8600","ramal":"239"},{"empresa":"37","telefone":"+55 48 99165-1971","ramal":null},{"empresa":"38","telefone":"+55 35 3361-2255","ramal":null},{"empresa":"39","telefone":"+55 12 99770-2545","ramal":null},{"empresa":"40","telefone":"+55 12 98169-5439","ramal":null},{"empresa":"41","telefone":"+55 12 99186-5393","ramal":null},{"empresa":"42","telefone":"+55 12 99602-1844","ramal":null},{"empresa":"43","telefone":"+55 19 3246-0322","ramal":null},{"empresa":"44","telefone":"+55 11 97105-1875","ramal":null},{"empresa":"45","telefone":"+55 11 3572-0400","ramal":null},{"empresa":"46","telefone":"+55 11 5501-5300","ramal":null},{"empresa":"47","telefone":"+55 12 99739-3056","ramal":null},{"empresa":"48","telefone":"+55 12 3205-0070","ramal":null},{"empresa":"49","telefone":"+55 16 3509-1000","ramal":null},{"empresa":"50","telefone":"+55 11 2246-0000","ramal":null},{"empresa":"51","telefone":"+55 12 3221-8513","ramal":null},{"empresa":"51","telefone":"+55 12 3221-850","ramal":null},{"empresa":"52","telefone":"+55 21 2215-7151","ramal":null},{"empresa":"52","telefone":"+55 21 2210-2393","ramal":null},{"empresa":"53","telefone":"+55 12 2012-0070","ramal":null},{"empresa":"54","telefone":"+55 11 5574-6544","ramal":null},{"empresa":"55","telefone":"+55 11 2101-1650","ramal":null},{"empresa":"56","telefone":"+55 12 98100-1165","ramal":null},{"empresa":"57","telefone":"+55 21 2141-3110","ramal":null},{"empresa":"58","telefone":"+55 21 98681-9086","ramal":null},{"empresa":"59","telefone":"+55 12 3935-4100","ramal":null},{"empresa":"60","telefone":"+55 19 3303-8139","ramal":null},{"empresa":"60","telefone":"+55 19 99294-9160","ramal":null},{"empresa":"61","telefone":"+55 12 2138-5801","ramal":null},{"empresa":"62","telefone":"+55 12 99685-2346","ramal":null},{"empresa":"63","telefone":"+55 21 3733-1801","ramal":null},{"empresa":"63","telefone":"+55 21 96724-3941","ramal":null},{"empresa":"64","telefone":"+55 12 99170-5873","ramal":null},{"empresa":"65","telefone":"+55 61 98277-1844","ramal":null}]